-- phpMyAdmin SQL Dump
-- version 4.7.0
-- https://www.phpmyadmin.net/
--
-- Servidor: 127.0.0.1
-- Tiempo de generación: 17-04-2018 a las 01:55:02
-- Versión del servidor: 10.1.25-MariaDB
-- Versión de PHP: 7.1.7

SET SQL_MODE = "NO_AUTO_VALUE_ON_ZERO";
SET AUTOCOMMIT = 0;
START TRANSACTION;
SET time_zone = "+00:00";


/*!40101 SET @OLD_CHARACTER_SET_CLIENT=@@CHARACTER_SET_CLIENT */;
/*!40101 SET @OLD_CHARACTER_SET_RESULTS=@@CHARACTER_SET_RESULTS */;
/*!40101 SET @OLD_COLLATION_CONNECTION=@@COLLATION_CONNECTION */;
/*!40101 SET NAMES utf8mb4 */;

--
-- Base de datos: `eventos_imc`
--

-- --------------------------------------------------------

--
-- Estructura de tabla para la tabla `aspectos`
--

CREATE TABLE `aspectos` (
  `id_aspecto` int(10) UNSIGNED NOT NULL,
  `id_categoria` int(10) UNSIGNED NOT NULL,
  `nombre` varchar(200) COLLATE latin1_spanish_ci NOT NULL
) ENGINE=InnoDB DEFAULT CHARSET=latin1 COLLATE=latin1_spanish_ci;

--
-- Volcado de datos para la tabla `aspectos`
--

INSERT INTO `aspectos` (`id_aspecto`, `id_categoria`, `nombre`) VALUES
(1, 1, 'Se expone claramente cómo se satisface de manera directa una necesidad de la ciudad/región.'),
(2, 1, 'Calidad del \'business model canvas\' desarrollado.'),
(3, 1, 'El equipo tiene claramente identificados sus recursos y socios clave, existe coherencia en sus supuestos.'),
(4, 1, 'Identifican claramente sus fuentes de ingresos, y tienen bien definida su estructura de costos.'),
(5, 1, 'El equipo pudo demostrar la aplicación de herramientas de investigación metodológica.'),
(6, 2, 'Se demuestra claramente que se tiene conocimiento del mercado (meta/potencial).'),
(7, 2, 'Proporcionan una explicación clara del impacto potencial en su comunidad / región.'),
(8, 2, 'Se tiene una idea clara de las estrategias que seguirán con el mercado meta identificado, de acuerdo al impacto esperado.'),
(9, 2, 'Potencial implementación en comunidades o ciudades de la región.'),
(10, 3, 'Nivel de innovación en el producto/servicio presentado.'),
(11, 3, 'El producto/servicio contiene elementos diferenciadores que son fuente de una ventaja competitiva.'),
(12, 3, 'El prototipo/presentación gráfica que se presenta es estético y se explica claramente.'),
(13, 3, 'El prototipo es (o la idea puede ser) funcional en el corto o mediano plazo.'),
(14, 4, 'Dominio grupal de temas relacionados al proyecto.'),
(15, 4, 'Interés y amabilidad al atender al público.'),
(16, 4, 'Calidad del stand en donde el equipo presenta su proyecto.'),
(19, 5, 'Creatividad.'),
(21, 5, 'Innovación y originalidad.'),
(22, 5, 'El contenido del proyecto cumple con su objetivo.'),
(23, 5, 'Funcionalidad adecuada.'),
(24, 5, 'Calidad en los contenidos: animación y sonidos.'),
(25, 5, 'Fácil manejo y flujo en los escenarios.'),
(27, 5, 'Instrucciones claras.'),
(28, 5, 'Complementos (tríptico).'),
(29, 6, 'Impacto en el público.'),
(30, 6, 'Atención y cordialidad durante la exposición.'),
(31, 6, 'Creatividad y distribución del stand.'),
(32, 6, 'Dominio del tema y seguridad en las respuestas.'),
(33, 6, 'Disposición, apoyo y presencia del equipo\r\n.'),
(34, 7, 'Sabor del platillo.'),
(35, 7, 'Presentación platillo.'),
(36, 7, 'Explicación sobre el platillo.'),
(37, 7, 'Representa al Estado.'),
(38, 8, 'Sabor del platillo.'),
(40, 8, 'Presentación.'),
(41, 8, 'Explicación sobre el platillo.'),
(42, 8, 'Representa al Estado.'),
(43, 9, 'Sabor.'),
(44, 9, 'Presentación.'),
(45, 9, 'Explicación sobre la bebida.'),
(46, 9, 'Representa al Estado.'),
(47, 11, 'Exposición.'),
(48, 11, 'Trato amable.'),
(49, 11, 'Responde dudas de manera correcta y cortés.'),
(50, 12, 'Representación del Estado.'),
(52, 12, 'Creatividad.'),
(53, 12, 'Vestuario.'),
(54, 13, 'Puntualidad.'),
(55, 13, 'El producto funciona adecuadamente.'),
(56, 13, 'Es un productor innovador.'),
(57, 13, 'El proyecto cumple con el objetivo para el que fue creado.'),
(58, 13, 'El producto tiene posibilidades de ser elaborado para su posterior comercialización.'),
(59, 13, 'La presentación del producto es atractiva para el público.'),
(60, 14, 'El expositor presenta sus ideas de forma clara y fluida.'),
(61, 14, 'Vestimenta adecuada de los expositores.'),
(62, 14, 'Explican de forma detallada el funcionamiento y las ventajas de su producto.'),
(63, 14, 'El flyer entregado cuenta con información necesaria y su diseño es atractivo a la vista.'),
(64, 15, 'El expositor se preocupa por atender a todos los visitantes.'),
(65, 15, 'Otorga la información de manera detallada.'),
(66, 15, 'Responde todas las dudas de manera cortés, incluso cuando puede sentirse bajo presión.'),
(67, 15, 'El expositor muestra un trato amable a los clientes.'),
(68, 16, 'Decoración acorde al producto.'),
(69, 16, 'Diseño atractivo.'),
(70, 16, 'La distribución del espacio es adecuada.'),
(71, 16, 'El diseño y los elementos que se utilizaron son originales.'),
(72, 16, 'Los materiales con los que están elaborados son de calidad.'),
(73, 17, 'Presentación de al menos 5 obras.'),
(74, 17, 'Variedad.'),
(75, 17, 'Creatividad.'),
(76, 17, 'Presentación oral.'),
(77, 17, 'Curaduría.'),
(78, 19, 'Afinación.'),
(79, 19, 'Desenvolvimiento escénico.'),
(80, 19, 'Creatividad.'),
(81, 19, 'Originalidad.'),
(82, 19, 'Vestuario.'),
(83, 19, 'Seguridad.'),
(84, 19, 'Caracterización.'),
(85, 19, 'Calidad de ejecucion.'),
(86, 19, 'Impacto en el público.'),
(87, 20, 'Desenvolvimiento escénico.'),
(88, 20, 'Creatividad.'),
(89, 20, 'Originalidad.'),
(90, 20, 'Vestuario.'),
(91, 20, 'Seguridad.'),
(92, 20, 'Caracterización.'),
(93, 20, 'Coordinación.'),
(94, 20, 'Coreografía.'),
(95, 20, 'Calidad de ejecución.'),
(96, 20, 'Impacto en el público.'),
(97, 21, 'Desenvolvimiento escénico.'),
(98, 21, 'Creatividad.'),
(99, 21, 'Originalidad.'),
(100, 21, 'Vestuario.'),
(101, 21, 'Seguridad.'),
(102, 21, 'Caracterización.'),
(103, 21, 'Coordinación.'),
(104, 21, 'Coreografía.'),
(105, 21, 'Calidad de ejecución'),
(106, 21, 'Impacto en el público\r\n'),
(107, 10, 'Sabor'),
(108, 10, 'Presentación'),
(109, 10, 'Explicación sobre el platillo'),
(110, 10, 'Representa al estado');

-- --------------------------------------------------------

--
-- Estructura de tabla para la tabla `calificaciones`
--

CREATE TABLE `calificaciones` (
  `id_usuario` int(10) UNSIGNED NOT NULL,
  `id_participante` int(10) UNSIGNED NOT NULL,
  `id_aspecto` int(10) UNSIGNED NOT NULL,
  `calificacion` int(10) UNSIGNED NOT NULL DEFAULT '0'
) ENGINE=InnoDB DEFAULT CHARSET=latin1 COLLATE=latin1_spanish_ci;

--
-- Volcado de datos para la tabla `calificaciones`
--

INSERT INTO `calificaciones` (`id_usuario`, `id_participante`, `id_aspecto`, `calificacion`) VALUES
(2, 1, 78, 8),
(2, 1, 79, 7),
(2, 1, 80, 8),
(2, 1, 81, 9),
(2, 1, 82, 7),
(2, 1, 83, 7),
(2, 1, 84, 9),
(2, 1, 85, 8),
(2, 1, 86, 9),
(5, 1, 78, 7),
(5, 1, 79, 7),
(5, 1, 80, 7),
(5, 1, 81, 3),
(5, 1, 82, 7),
(5, 1, 83, 7),
(5, 1, 84, 5),
(5, 1, 85, 3),
(5, 1, 86, 4),
(6, 1, 78, 8),
(6, 1, 79, 7),
(6, 1, 80, 7),
(6, 1, 81, 7),
(6, 1, 82, 8),
(6, 1, 83, 9),
(6, 1, 84, 7),
(6, 1, 85, 8),
(6, 1, 86, 8),
(4, 1, 78, 7),
(4, 1, 79, 6),
(4, 1, 80, 6),
(4, 1, 81, 7),
(4, 1, 82, 7),
(4, 1, 83, 7),
(4, 1, 84, 5),
(4, 1, 85, 8),
(4, 1, 86, 6),
(2, 6, 78, 6),
(2, 6, 79, 7),
(2, 6, 80, 8),
(2, 6, 81, 8),
(2, 6, 82, 7),
(2, 6, 83, 7),
(2, 6, 84, 7),
(2, 6, 85, 8),
(2, 6, 86, 10),
(4, 6, 78, 6),
(4, 6, 79, 7),
(4, 6, 80, 6),
(4, 6, 81, 7),
(4, 6, 82, 8),
(4, 6, 83, 8),
(4, 6, 84, 8),
(4, 6, 85, 7),
(4, 6, 86, 8),
(6, 6, 78, 8),
(6, 6, 79, 8),
(6, 6, 80, 7),
(6, 6, 81, 7),
(6, 6, 82, 8),
(6, 6, 83, 8),
(6, 6, 84, 8),
(6, 6, 85, 8),
(6, 6, 86, 8),
(5, 6, 78, 7),
(5, 6, 79, 7),
(5, 6, 80, 4),
(5, 6, 81, 7),
(5, 6, 82, 8),
(5, 6, 83, 7),
(5, 6, 84, 7),
(5, 6, 85, 7),
(5, 6, 86, 7),
(2, 2, 78, 9),
(2, 2, 79, 10),
(2, 2, 80, 10),
(2, 2, 81, 10),
(2, 2, 82, 9),
(2, 2, 83, 10),
(2, 2, 84, 10),
(2, 2, 85, 10),
(2, 2, 86, 10),
(5, 2, 78, 8),
(5, 2, 79, 9),
(5, 2, 80, 10),
(5, 2, 81, 10),
(5, 2, 82, 8),
(5, 2, 83, 10),
(5, 2, 84, 10),
(5, 2, 85, 9),
(5, 2, 86, 10),
(6, 2, 78, 8),
(6, 2, 79, 8),
(6, 2, 80, 8),
(6, 2, 81, 8),
(6, 2, 82, 8),
(6, 2, 83, 9),
(6, 2, 84, 8),
(6, 2, 85, 8),
(6, 2, 86, 9),
(4, 2, 78, 8),
(4, 2, 79, 9),
(4, 2, 80, 9),
(4, 2, 81, 9),
(4, 2, 82, 9),
(4, 2, 83, 10),
(4, 2, 84, 8),
(4, 2, 85, 9),
(4, 2, 86, 10),
(4, 3, 78, 7),
(4, 3, 79, 6),
(4, 3, 80, 8),
(4, 3, 81, 7),
(4, 3, 82, 8),
(4, 3, 83, 7),
(4, 3, 84, 8),
(4, 3, 85, 7),
(4, 3, 86, 6),
(6, 3, 78, 8),
(6, 3, 79, 8),
(6, 3, 80, 8),
(6, 3, 81, 8),
(6, 3, 82, 9),
(6, 3, 83, 8),
(6, 3, 84, 8),
(6, 3, 85, 7),
(6, 3, 86, 8),
(2, 3, 78, 10),
(2, 3, 79, 9),
(2, 3, 80, 9),
(2, 3, 81, 10),
(2, 3, 82, 9),
(2, 3, 83, 8),
(2, 3, 84, 10),
(2, 3, 85, 9),
(2, 3, 86, 9),
(5, 3, 78, 7),
(5, 3, 79, 8),
(5, 3, 80, 10),
(5, 3, 81, 10),
(5, 3, 82, 10),
(5, 3, 83, 8),
(5, 3, 84, 8),
(5, 3, 85, 7),
(5, 3, 86, 8),
(6, 7, 78, 8),
(6, 7, 79, 8),
(6, 7, 80, 8),
(6, 7, 81, 8),
(6, 7, 82, 8),
(6, 7, 83, 8),
(6, 7, 84, 8),
(6, 7, 85, 8),
(6, 7, 86, 9),
(2, 7, 78, 8),
(2, 7, 79, 10),
(2, 7, 80, 10),
(2, 7, 81, 10),
(2, 7, 82, 10),
(2, 7, 83, 10),
(2, 7, 84, 10),
(2, 7, 85, 10),
(2, 7, 86, 9),
(5, 7, 78, 9),
(5, 7, 79, 10),
(5, 7, 80, 10),
(5, 7, 81, 10),
(5, 7, 82, 10),
(5, 7, 83, 9),
(5, 7, 84, 9),
(5, 7, 85, 10),
(5, 7, 86, 9),
(4, 7, 78, 8),
(4, 7, 79, 8),
(4, 7, 80, 8),
(4, 7, 81, 7),
(4, 7, 82, 7),
(4, 7, 83, 8),
(4, 7, 84, 8),
(4, 7, 85, 8),
(4, 7, 86, 7),
(6, 5, 78, 9),
(6, 5, 79, 8),
(6, 5, 80, 8),
(6, 5, 81, 8),
(6, 5, 82, 8),
(6, 5, 83, 9),
(6, 5, 84, 8),
(6, 5, 85, 9),
(6, 5, 86, 8),
(4, 5, 78, 9),
(4, 5, 79, 8),
(4, 5, 80, 8),
(4, 5, 81, 8),
(4, 5, 82, 7),
(4, 5, 83, 8),
(4, 5, 84, 7),
(4, 5, 85, 8),
(4, 5, 86, 8),
(2, 5, 78, 10),
(2, 5, 79, 10),
(2, 5, 80, 9),
(2, 5, 81, 10),
(2, 5, 82, 8),
(2, 5, 83, 10),
(2, 5, 84, 9),
(2, 5, 85, 10),
(2, 5, 86, 10),
(5, 5, 78, 9),
(5, 5, 79, 7),
(5, 5, 80, 8),
(5, 5, 81, 7),
(5, 5, 82, 4),
(5, 5, 83, 10),
(5, 5, 84, 8),
(5, 5, 85, 9),
(5, 5, 86, 8),
(2, 4, 78, 9),
(2, 4, 79, 10),
(2, 4, 80, 10),
(2, 4, 81, 10),
(2, 4, 82, 10),
(2, 4, 83, 10),
(2, 4, 84, 10),
(2, 4, 85, 10),
(2, 4, 86, 10),
(4, 4, 78, 10),
(4, 4, 79, 10),
(4, 4, 80, 9),
(4, 4, 81, 9),
(4, 4, 82, 8),
(4, 4, 83, 10),
(4, 4, 84, 8),
(4, 4, 85, 9),
(4, 4, 86, 9),
(5, 4, 78, 9),
(5, 4, 79, 9),
(5, 4, 80, 10),
(5, 4, 81, 10),
(5, 4, 82, 9),
(5, 4, 83, 10),
(5, 4, 84, 10),
(5, 4, 85, 9),
(5, 4, 86, 9),
(6, 4, 78, 8),
(6, 4, 79, 8),
(6, 4, 80, 7),
(6, 4, 81, 8),
(6, 4, 82, 8),
(6, 4, 83, 8),
(6, 4, 84, 8),
(6, 4, 85, 8),
(6, 4, 86, 9),
(2, 8, 87, 10),
(2, 8, 88, 10),
(2, 8, 89, 10),
(2, 8, 90, 8),
(2, 8, 91, 10),
(2, 8, 92, 9),
(2, 8, 93, 9),
(2, 8, 94, 10),
(2, 8, 95, 10),
(2, 8, 96, 10),
(5, 8, 87, 10),
(5, 8, 88, 9),
(5, 8, 89, 10),
(5, 8, 90, 9),
(5, 8, 91, 10),
(5, 8, 92, 10),
(5, 8, 93, 10),
(5, 8, 94, 9),
(5, 8, 95, 10),
(5, 8, 96, 10),
(6, 8, 87, 10),
(6, 8, 88, 9),
(6, 8, 89, 9),
(6, 8, 90, 9),
(6, 8, 91, 9),
(6, 8, 92, 9),
(6, 8, 93, 10),
(6, 8, 94, 10),
(6, 8, 95, 9),
(6, 8, 96, 9),
(4, 8, 87, 10),
(4, 8, 88, 9),
(4, 8, 89, 10),
(4, 8, 90, 9),
(4, 8, 91, 9),
(4, 8, 92, 8),
(4, 8, 93, 10),
(4, 8, 94, 9),
(4, 8, 95, 9),
(4, 8, 96, 9),
(4, 9, 87, 9),
(4, 9, 88, 9),
(4, 9, 89, 10),
(4, 9, 90, 10),
(4, 9, 91, 9),
(4, 9, 92, 9),
(4, 9, 93, 9),
(4, 9, 94, 9),
(4, 9, 95, 9),
(4, 9, 96, 10),
(2, 9, 87, 8),
(2, 9, 88, 10),
(2, 9, 89, 6),
(2, 9, 90, 9),
(2, 9, 91, 8),
(2, 9, 92, 9),
(2, 9, 93, 8),
(2, 9, 94, 8),
(2, 9, 95, 8),
(2, 9, 96, 9),
(5, 9, 87, 9),
(5, 9, 88, 10),
(5, 9, 89, 8),
(5, 9, 90, 9),
(5, 9, 91, 8),
(5, 9, 92, 7),
(5, 9, 93, 8),
(5, 9, 94, 8),
(5, 9, 95, 9),
(5, 9, 96, 8),
(6, 9, 87, 9),
(6, 9, 88, 10),
(6, 9, 89, 9),
(6, 9, 90, 9),
(6, 9, 91, 9),
(6, 9, 92, 9),
(6, 9, 93, 9),
(6, 9, 94, 10),
(6, 9, 95, 9),
(6, 9, 96, 9),
(4, 15, 87, 9),
(4, 15, 88, 10),
(4, 15, 89, 9),
(4, 15, 90, 9),
(4, 15, 91, 9),
(4, 15, 92, 10),
(4, 15, 93, 8),
(4, 15, 94, 9),
(4, 15, 95, 8),
(4, 15, 96, 1),
(2, 15, 87, 8),
(2, 15, 88, 9),
(2, 15, 89, 10),
(2, 15, 90, 10),
(2, 15, 91, 8),
(2, 15, 92, 10),
(2, 15, 93, 7),
(2, 15, 94, 8),
(2, 15, 95, 8),
(2, 15, 96, 8),
(5, 15, 87, 10),
(5, 15, 88, 10),
(5, 15, 89, 10),
(5, 15, 90, 9),
(5, 15, 91, 10),
(5, 15, 92, 10),
(5, 15, 93, 10),
(5, 15, 94, 10),
(5, 15, 95, 9),
(5, 15, 96, 10),
(6, 15, 87, 9),
(6, 15, 88, 9),
(6, 15, 89, 9),
(6, 15, 90, 9),
(6, 15, 91, 9),
(6, 15, 92, 9),
(6, 15, 93, 9),
(6, 15, 94, 9),
(6, 15, 95, 8),
(6, 15, 96, 9),
(2, 12, 87, 10),
(2, 12, 88, 10),
(2, 12, 89, 10),
(2, 12, 90, 10),
(2, 12, 91, 9),
(2, 12, 92, 10),
(2, 12, 93, 9),
(2, 12, 94, 10),
(2, 12, 95, 9),
(2, 12, 96, 10),
(5, 12, 87, 9),
(5, 12, 88, 9),
(5, 12, 89, 9),
(5, 12, 90, 10),
(5, 12, 91, 9),
(5, 12, 92, 9),
(5, 12, 93, 9),
(5, 12, 94, 9),
(5, 12, 95, 9),
(5, 12, 96, 9),
(4, 12, 87, 8),
(4, 12, 88, 9),
(4, 12, 89, 8),
(4, 12, 90, 10),
(4, 12, 91, 8),
(4, 12, 92, 9),
(4, 12, 93, 8),
(4, 12, 94, 8),
(4, 12, 95, 8),
(4, 12, 96, 8),
(6, 12, 87, 9),
(6, 12, 88, 9),
(6, 12, 89, 9),
(6, 12, 90, 9),
(6, 12, 91, 9),
(6, 12, 92, 9),
(6, 12, 93, 9),
(6, 12, 94, 9),
(6, 12, 95, 9),
(6, 12, 96, 9),
(5, 10, 87, 9),
(5, 10, 88, 9),
(5, 10, 89, 10),
(5, 10, 90, 10),
(5, 10, 91, 9),
(5, 10, 92, 9),
(5, 10, 93, 8),
(5, 10, 94, 8),
(5, 10, 95, 9),
(5, 10, 96, 8),
(2, 10, 87, 10),
(2, 10, 88, 8),
(2, 10, 89, 9),
(2, 10, 90, 10),
(2, 10, 91, 9),
(2, 10, 92, 10),
(2, 10, 93, 9),
(2, 10, 94, 9),
(2, 10, 95, 9),
(2, 10, 96, 8),
(4, 10, 87, 9),
(4, 10, 88, 10),
(4, 10, 89, 9),
(4, 10, 90, 9),
(4, 10, 91, 8),
(4, 10, 92, 10),
(4, 10, 93, 8),
(4, 10, 94, 9),
(4, 10, 95, 9),
(4, 10, 96, 8),
(6, 10, 87, 9),
(6, 10, 88, 10),
(6, 10, 89, 9),
(6, 10, 90, 9),
(6, 10, 91, 9),
(6, 10, 92, 9),
(6, 10, 93, 9),
(6, 10, 94, 9),
(6, 10, 95, 9),
(6, 10, 96, 9),
(4, 13, 87, 8),
(4, 13, 88, 9),
(4, 13, 89, 9),
(4, 13, 90, 10),
(4, 13, 91, 8),
(4, 13, 92, 9),
(4, 13, 93, 8),
(4, 13, 94, 8),
(4, 13, 95, 9),
(4, 13, 96, 9),
(6, 13, 87, 9),
(6, 13, 88, 10),
(6, 13, 89, 9),
(6, 13, 90, 9),
(6, 13, 91, 9),
(6, 13, 92, 9),
(6, 13, 93, 9),
(6, 13, 94, 9),
(6, 13, 95, 9),
(6, 13, 96, 9),
(2, 13, 87, 9),
(2, 13, 88, 10),
(2, 13, 89, 10),
(2, 13, 90, 9),
(2, 13, 91, 10),
(2, 13, 92, 10),
(2, 13, 93, 7),
(2, 13, 94, 9),
(2, 13, 95, 8),
(2, 13, 96, 10),
(5, 13, 87, 9),
(5, 13, 88, 10),
(5, 13, 89, 10),
(5, 13, 90, 10),
(5, 13, 91, 8),
(5, 13, 92, 8),
(5, 13, 93, 8),
(5, 13, 94, 8),
(5, 13, 95, 8),
(5, 13, 96, 10),
(2, 14, 87, 10),
(2, 14, 88, 10),
(2, 14, 89, 9),
(2, 14, 90, 9),
(2, 14, 91, 10),
(2, 14, 92, 9),
(2, 14, 93, 9),
(2, 14, 94, 9),
(2, 14, 95, 10),
(2, 14, 96, 10),
(5, 14, 87, 10),
(5, 14, 88, 10),
(5, 14, 89, 10),
(5, 14, 90, 10),
(5, 14, 91, 10),
(5, 14, 92, 10),
(5, 14, 93, 10),
(5, 14, 94, 10),
(5, 14, 95, 10),
(5, 14, 96, 10),
(4, 14, 87, 9),
(4, 14, 88, 8),
(4, 14, 89, 9),
(4, 14, 90, 9),
(4, 14, 91, 9),
(4, 14, 92, 9),
(4, 14, 93, 8),
(4, 14, 94, 8),
(4, 14, 95, 8),
(4, 14, 96, 8),
(6, 14, 87, 9),
(6, 14, 88, 9),
(6, 14, 89, 9),
(6, 14, 90, 9),
(6, 14, 91, 9),
(6, 14, 92, 9),
(6, 14, 93, 9),
(6, 14, 94, 8),
(6, 14, 95, 8),
(6, 14, 96, 9),
(4, 11, 87, 8),
(4, 11, 88, 9),
(4, 11, 89, 9),
(4, 11, 90, 10),
(4, 11, 91, 9),
(4, 11, 92, 10),
(4, 11, 93, 9),
(4, 11, 94, 8),
(4, 11, 95, 8),
(4, 11, 96, 10),
(2, 11, 87, 8),
(2, 11, 88, 9),
(2, 11, 89, 9),
(2, 11, 90, 8),
(2, 11, 91, 9),
(2, 11, 92, 10),
(2, 11, 93, 8),
(2, 11, 94, 8),
(2, 11, 95, 9),
(2, 11, 96, 9),
(5, 11, 87, 9),
(5, 11, 88, 10),
(5, 11, 89, 10),
(5, 11, 90, 10),
(5, 11, 91, 9),
(5, 11, 92, 10),
(5, 11, 93, 9),
(5, 11, 94, 9),
(5, 11, 95, 9),
(5, 11, 96, 9),
(6, 11, 87, 8),
(6, 11, 88, 9),
(6, 11, 89, 9),
(6, 11, 90, 9),
(6, 11, 91, 9),
(6, 11, 92, 9),
(6, 11, 93, 8),
(6, 11, 94, 9),
(6, 11, 95, 9),
(6, 11, 96, 8),
(4, 16, 87, 8),
(4, 16, 88, 10),
(4, 16, 89, 10),
(4, 16, 90, 10),
(4, 16, 91, 8),
(4, 16, 92, 8),
(4, 16, 93, 8),
(4, 16, 94, 8),
(4, 16, 95, 8),
(4, 16, 96, 9),
(2, 16, 87, 9),
(2, 16, 88, 10),
(2, 16, 89, 10),
(2, 16, 90, 8),
(2, 16, 91, 10),
(2, 16, 92, 9),
(2, 16, 93, 8),
(2, 16, 94, 9),
(2, 16, 95, 8),
(2, 16, 96, 9),
(6, 16, 87, 8),
(6, 16, 88, 8),
(6, 16, 89, 8),
(6, 16, 90, 8),
(6, 16, 91, 9),
(6, 16, 92, 8),
(6, 16, 93, 8),
(6, 16, 94, 9),
(6, 16, 95, 8),
(6, 16, 96, 8),
(5, 16, 87, 9),
(5, 16, 88, 9),
(5, 16, 89, 9),
(5, 16, 90, 8),
(5, 16, 91, 9),
(5, 16, 92, 8),
(5, 16, 93, 8),
(5, 16, 94, 9),
(5, 16, 95, 8),
(5, 16, 96, 9),
(2, 17, 87, 8),
(2, 17, 88, 8),
(2, 17, 89, 7),
(2, 17, 90, 8),
(2, 17, 91, 8),
(2, 17, 92, 9),
(2, 17, 93, 6),
(2, 17, 94, 6),
(2, 17, 95, 8),
(2, 17, 96, 8),
(4, 17, 87, 8),
(4, 17, 88, 8),
(4, 17, 89, 8),
(4, 17, 90, 9),
(4, 17, 91, 8),
(4, 17, 92, 9),
(4, 17, 93, 8),
(4, 17, 94, 8),
(4, 17, 95, 8),
(4, 17, 96, 9),
(5, 17, 87, 9),
(5, 17, 88, 10),
(5, 17, 89, 10),
(5, 17, 90, 10),
(5, 17, 91, 9),
(5, 17, 92, 9),
(5, 17, 93, 8),
(5, 17, 94, 9),
(5, 17, 95, 9),
(5, 17, 96, 9),
(6, 17, 87, 8),
(6, 17, 88, 9),
(6, 17, 89, 9),
(6, 17, 90, 9),
(6, 17, 91, 8),
(6, 17, 92, 8),
(6, 17, 93, 8),
(6, 17, 94, 8),
(6, 17, 95, 8),
(6, 17, 96, 7),
(2, 18, 97, 10),
(2, 18, 98, 10),
(2, 18, 99, 10),
(2, 18, 100, 10),
(2, 18, 101, 10),
(2, 18, 102, 10),
(2, 18, 103, 10),
(2, 18, 104, 10),
(2, 18, 105, 10),
(2, 18, 106, 10),
(5, 18, 97, 10),
(5, 18, 98, 10),
(5, 18, 99, 10),
(5, 18, 100, 10),
(5, 18, 101, 8),
(5, 18, 102, 9),
(5, 18, 103, 9),
(5, 18, 104, 10),
(5, 18, 105, 10),
(5, 18, 106, 10),
(4, 18, 97, 9),
(4, 18, 98, 9),
(4, 18, 99, 9),
(4, 18, 100, 10),
(4, 18, 101, 10),
(4, 18, 102, 10),
(4, 18, 103, 10),
(4, 18, 104, 10),
(4, 18, 105, 10),
(4, 18, 106, 10),
(6, 18, 97, 9),
(6, 18, 98, 10),
(6, 18, 99, 10),
(6, 18, 100, 9),
(6, 18, 101, 9),
(6, 18, 102, 9),
(6, 18, 103, 10),
(6, 18, 104, 10),
(6, 18, 105, 10),
(6, 18, 106, 10),
(2, 19, 97, 9),
(2, 19, 98, 7),
(2, 19, 99, 8),
(2, 19, 100, 10),
(2, 19, 101, 10),
(2, 19, 102, 8),
(2, 19, 103, 9),
(2, 19, 104, 9),
(2, 19, 105, 9),
(2, 19, 106, 10),
(5, 19, 97, 10),
(5, 19, 98, 10),
(5, 19, 99, 10),
(5, 19, 100, 10),
(5, 19, 101, 9),
(5, 19, 102, 9),
(5, 19, 103, 9),
(5, 19, 104, 9),
(5, 19, 105, 9),
(5, 19, 106, 9),
(4, 19, 97, 9),
(4, 19, 98, 10),
(4, 19, 99, 10),
(4, 19, 100, 9),
(4, 19, 101, 9),
(4, 19, 102, 10),
(4, 19, 103, 9),
(4, 19, 104, 9),
(4, 19, 105, 10),
(4, 19, 106, 9),
(6, 19, 97, 10),
(6, 19, 98, 9),
(6, 19, 99, 9),
(6, 19, 100, 10),
(6, 19, 101, 9),
(6, 19, 102, 9),
(6, 19, 103, 10),
(6, 19, 104, 9),
(6, 19, 105, 9),
(6, 19, 106, 9),
(2, 20, 97, 10),
(2, 20, 98, 10),
(2, 20, 99, 10),
(2, 20, 100, 10),
(2, 20, 101, 10),
(2, 20, 102, 10),
(2, 20, 103, 10),
(2, 20, 104, 10),
(2, 20, 105, 10),
(2, 20, 106, 10),
(4, 20, 97, 10),
(4, 20, 98, 10),
(4, 20, 99, 10),
(4, 20, 100, 9),
(4, 20, 101, 9),
(4, 20, 102, 10),
(4, 20, 103, 9),
(4, 20, 104, 10),
(4, 20, 105, 9),
(4, 20, 106, 9),
(5, 20, 97, 10),
(5, 20, 98, 10),
(5, 20, 99, 10),
(5, 20, 100, 10),
(5, 20, 101, 10),
(5, 20, 102, 10),
(5, 20, 103, 9),
(5, 20, 104, 9),
(5, 20, 105, 10),
(5, 20, 106, 10),
(6, 20, 97, 9),
(6, 20, 98, 10),
(6, 20, 99, 10),
(6, 20, 100, 10),
(6, 20, 101, 9),
(6, 20, 102, 9),
(6, 20, 103, 10),
(6, 20, 104, 10),
(6, 20, 105, 9),
(6, 20, 106, 9),
(4, 21, 97, 9),
(4, 21, 98, 10),
(4, 21, 99, 10),
(4, 21, 100, 9),
(4, 21, 101, 9),
(4, 21, 102, 9),
(4, 21, 103, 8),
(4, 21, 104, 10),
(4, 21, 105, 9),
(4, 21, 106, 9),
(5, 21, 97, 9),
(5, 21, 98, 9),
(5, 21, 99, 9),
(5, 21, 100, 9),
(5, 21, 101, 9),
(5, 21, 102, 9),
(5, 21, 103, 9),
(5, 21, 104, 8),
(5, 21, 105, 8),
(5, 21, 106, 9),
(2, 21, 97, 9),
(2, 21, 98, 9),
(2, 21, 99, 10),
(2, 21, 100, 8),
(2, 21, 101, 9),
(2, 21, 102, 8),
(2, 21, 103, 9),
(2, 21, 104, 9),
(2, 21, 105, 9),
(2, 21, 106, 8),
(6, 21, 97, 9),
(6, 21, 98, 10),
(6, 21, 99, 10),
(6, 21, 100, 9),
(6, 21, 101, 9),
(6, 21, 102, 9),
(6, 21, 103, 9),
(6, 21, 104, 10),
(6, 21, 105, 10),
(6, 21, 106, 9),
(2, 22, 97, 10),
(2, 22, 98, 10),
(2, 22, 99, 10),
(2, 22, 100, 9),
(2, 22, 101, 10),
(2, 22, 102, 10),
(2, 22, 103, 10),
(2, 22, 104, 10),
(2, 22, 105, 10),
(2, 22, 106, 9),
(5, 22, 97, 10),
(5, 22, 98, 10),
(5, 22, 99, 10),
(5, 22, 100, 10),
(5, 22, 101, 10),
(5, 22, 102, 10),
(5, 22, 103, 9),
(5, 22, 104, 10),
(5, 22, 105, 9),
(5, 22, 106, 10),
(4, 22, 97, 10),
(4, 22, 98, 10),
(4, 22, 99, 9),
(4, 22, 100, 10),
(4, 22, 101, 10),
(4, 22, 102, 10),
(4, 22, 103, 10),
(4, 22, 104, 9),
(4, 22, 105, 10),
(4, 22, 106, 9),
(6, 22, 97, 10),
(6, 22, 98, 10),
(6, 22, 99, 10),
(6, 22, 100, 10),
(6, 22, 101, 9),
(6, 22, 102, 10),
(6, 22, 103, 9),
(6, 22, 104, 9),
(6, 22, 105, 9),
(6, 22, 106, 10),
(2, 23, 97, 8),
(2, 23, 98, 9),
(2, 23, 99, 9),
(2, 23, 100, 7),
(2, 23, 101, 8),
(2, 23, 102, 7),
(2, 23, 103, 8),
(2, 23, 104, 8),
(2, 23, 105, 9),
(2, 23, 106, 9),
(4, 23, 97, 9),
(4, 23, 98, 10),
(4, 23, 99, 10),
(4, 23, 100, 9),
(4, 23, 101, 9),
(4, 23, 102, 9),
(4, 23, 103, 9),
(4, 23, 104, 9),
(4, 23, 105, 9),
(4, 23, 106, 9),
(5, 23, 97, 10),
(5, 23, 98, 10),
(5, 23, 99, 10),
(5, 23, 100, 9),
(5, 23, 101, 9),
(5, 23, 102, 9),
(5, 23, 103, 9),
(5, 23, 104, 10),
(5, 23, 105, 9),
(5, 23, 106, 10),
(6, 23, 97, 8),
(6, 23, 98, 8),
(6, 23, 99, 8),
(6, 23, 100, 8),
(6, 23, 101, 8),
(6, 23, 102, 8),
(6, 23, 103, 8),
(6, 23, 104, 8),
(6, 23, 105, 8),
(6, 23, 106, 8),
(8, 24, 73, 10),
(8, 24, 74, 9),
(8, 24, 75, 8),
(8, 24, 76, 8),
(8, 24, 77, 9),
(9, 24, 73, 8),
(9, 24, 74, 8),
(9, 24, 75, 9),
(9, 24, 76, 8),
(9, 24, 77, 8),
(7, 24, 73, 10),
(7, 24, 74, 8),
(7, 24, 75, 7),
(7, 24, 76, 8),
(7, 24, 77, 8),
(8, 25, 73, 9),
(8, 25, 74, 9),
(8, 25, 75, 9),
(8, 25, 76, 8),
(8, 25, 77, 9),
(9, 25, 73, 10),
(9, 25, 74, 10),
(9, 25, 75, 10),
(9, 25, 76, 8),
(9, 25, 77, 8),
(7, 25, 73, 10),
(7, 25, 74, 9),
(7, 25, 75, 7),
(7, 25, 76, 8),
(7, 25, 77, 7),
(9, 26, 73, 10),
(9, 26, 74, 9),
(9, 26, 75, 9),
(9, 26, 76, 8),
(9, 26, 77, 10),
(7, 26, 73, 10),
(7, 26, 74, 9),
(7, 26, 75, 9),
(7, 26, 76, 8),
(7, 26, 77, 9),
(8, 26, 73, 10),
(8, 26, 74, 10),
(8, 26, 75, 10),
(8, 26, 76, 9),
(8, 26, 77, 9),
(9, 27, 73, 10),
(9, 27, 74, 7),
(9, 27, 75, 10),
(9, 27, 76, 9),
(9, 27, 77, 9),
(7, 27, 73, 10),
(7, 27, 74, 9),
(7, 27, 75, 10),
(7, 27, 76, 9),
(7, 27, 77, 10),
(8, 27, 73, 10),
(8, 27, 74, 9),
(8, 27, 75, 10),
(8, 27, 76, 9),
(8, 27, 77, 10),
(10, 29, 73, 10),
(10, 29, 74, 7),
(10, 29, 75, 5),
(10, 29, 76, 5),
(10, 29, 77, 8),
(7, 29, 73, 10),
(7, 29, 74, 10),
(7, 29, 75, 10),
(7, 29, 76, 8),
(7, 29, 77, 8),
(9, 29, 73, 7),
(9, 29, 74, 8),
(9, 29, 75, 10),
(9, 29, 76, 8),
(9, 29, 77, 6),
(8, 29, 73, 9),
(8, 29, 74, 9),
(8, 29, 75, 9),
(8, 29, 76, 8),
(8, 29, 77, 8),
(10, 28, 73, 10),
(10, 28, 74, 8),
(10, 28, 75, 7),
(10, 28, 76, 8),
(10, 28, 77, 6),
(7, 28, 73, 10),
(7, 28, 74, 8),
(7, 28, 75, 8),
(7, 28, 76, 9),
(7, 28, 77, 9),
(8, 28, 73, 10),
(8, 28, 74, 8),
(8, 28, 75, 9),
(8, 28, 76, 1),
(8, 28, 77, 9),
(9, 28, 73, 8),
(9, 28, 74, 8),
(9, 28, 75, 9),
(9, 28, 76, 9),
(9, 28, 77, 9),
(9, 30, 73, 8),
(9, 30, 74, 10),
(9, 30, 75, 10),
(9, 30, 76, 9),
(9, 30, 77, 9),
(7, 30, 73, 10),
(7, 30, 74, 10),
(7, 30, 75, 9),
(7, 30, 76, 9),
(7, 30, 77, 9),
(8, 30, 73, 9),
(8, 30, 74, 10),
(8, 30, 75, 10),
(8, 30, 76, 9),
(8, 30, 77, 10),
(10, 30, 73, 10),
(10, 30, 74, 9),
(10, 30, 75, 8),
(10, 30, 76, 7),
(10, 30, 77, 7),
(10, 31, 73, 10),
(10, 31, 74, 8),
(10, 31, 75, 9),
(10, 31, 76, 8),
(10, 31, 77, 8),
(7, 31, 73, 10),
(7, 31, 74, 10),
(7, 31, 75, 10),
(7, 31, 76, 9),
(7, 31, 77, 8),
(8, 31, 73, 10),
(8, 31, 74, 10),
(8, 31, 75, 10),
(8, 31, 76, 8),
(8, 31, 77, 10),
(9, 31, 73, 10),
(9, 31, 74, 10),
(9, 31, 75, 10),
(9, 31, 76, 9),
(9, 31, 77, 10),
(8, 32, 73, 10),
(8, 32, 74, 10),
(8, 32, 75, 9),
(8, 32, 76, 8),
(8, 32, 77, 10),
(9, 32, 73, 10),
(9, 32, 74, 10),
(9, 32, 75, 10),
(9, 32, 76, 10),
(9, 32, 77, 10),
(7, 32, 73, 10),
(7, 32, 74, 10),
(7, 32, 75, 10),
(7, 32, 76, 9),
(7, 32, 77, 9),
(10, 32, 73, 10),
(10, 32, 74, 8),
(10, 32, 75, 7),
(10, 32, 76, 6),
(10, 32, 77, 8),
(10, 33, 73, 10),
(10, 33, 74, 9),
(10, 33, 75, 8),
(10, 33, 76, 9),
(10, 33, 77, 8),
(8, 33, 73, 10),
(8, 33, 74, 10),
(8, 33, 75, 10),
(8, 33, 76, 10),
(8, 33, 77, 10),
(7, 33, 73, 10),
(7, 33, 74, 10),
(7, 33, 75, 10),
(7, 33, 76, 10),
(7, 33, 77, 9),
(9, 33, 73, 10),
(9, 33, 74, 10),
(9, 33, 75, 10),
(9, 33, 76, 10),
(9, 33, 77, 10),
(9, 34, 73, 10),
(9, 34, 74, 10),
(9, 34, 75, 10),
(9, 34, 76, 9),
(9, 34, 77, 10),
(8, 34, 73, 9),
(8, 34, 74, 9),
(8, 34, 75, 8),
(8, 34, 76, 9),
(8, 34, 77, 10),
(7, 34, 73, 10),
(7, 34, 74, 10),
(7, 34, 75, 8),
(7, 34, 76, 8),
(7, 34, 77, 8),
(10, 34, 73, 10),
(10, 34, 74, 7),
(10, 34, 75, 8),
(10, 34, 76, 8),
(10, 34, 77, 8),
(10, 35, 73, 10),
(10, 35, 74, 7),
(10, 35, 75, 7),
(10, 35, 76, 9),
(10, 35, 77, 9),
(7, 35, 73, 10),
(7, 35, 74, 9),
(7, 35, 75, 9),
(7, 35, 76, 10),
(7, 35, 77, 10),
(8, 35, 73, 9),
(8, 35, 74, 10),
(8, 35, 75, 10),
(8, 35, 76, 10),
(8, 35, 77, 9),
(9, 35, 73, 7),
(9, 35, 74, 8),
(9, 35, 75, 10),
(9, 35, 76, 10),
(9, 35, 77, 8),
(9, 36, 73, 8),
(9, 36, 74, 9),
(9, 36, 75, 8),
(9, 36, 76, 8),
(9, 36, 77, 7),
(8, 36, 73, 10),
(8, 36, 74, 10),
(8, 36, 75, 10),
(8, 36, 76, 9),
(8, 36, 77, 10),
(7, 36, 73, 10),
(7, 36, 74, 9),
(7, 36, 75, 8),
(7, 36, 76, 8),
(7, 36, 77, 9),
(10, 36, 73, 10),
(10, 36, 74, 8),
(10, 36, 75, 7),
(10, 36, 76, 8),
(10, 36, 77, 9),
(8, 37, 73, 9),
(8, 37, 74, 8),
(8, 37, 75, 10),
(8, 37, 76, 9),
(8, 37, 77, 9),
(7, 37, 73, 10),
(7, 37, 74, 10),
(7, 37, 75, 9),
(7, 37, 76, 9),
(7, 37, 77, 9),
(10, 37, 73, 10),
(10, 37, 74, 8),
(10, 37, 75, 8),
(10, 37, 76, 7),
(10, 37, 77, 8),
(9, 37, 73, 10),
(9, 37, 74, 10),
(9, 37, 75, 7),
(9, 37, 76, 9),
(9, 37, 77, 8),
(10, 27, 73, 10),
(10, 27, 74, 10),
(10, 27, 75, 8),
(10, 27, 76, 8),
(10, 27, 77, 7),
(10, 26, 73, 10),
(10, 26, 74, 9),
(10, 26, 75, 9),
(10, 26, 76, 9),
(10, 26, 77, 8),
(10, 25, 73, 10),
(10, 25, 74, 8),
(10, 25, 75, 7),
(10, 25, 76, 7),
(10, 25, 77, 7),
(10, 24, 73, 10),
(10, 24, 74, 7),
(10, 24, 75, 8),
(10, 24, 76, 9),
(10, 24, 77, 8),
(1, 24, 73, 1),
(1, 24, 74, 1),
(1, 24, 75, 1),
(1, 24, 76, 1),
(1, 24, 77, 1);

-- --------------------------------------------------------

--
-- Estructura de tabla para la tabla `categorias`
--

CREATE TABLE `categorias` (
  `id_categoria` int(10) UNSIGNED NOT NULL,
  `id_evento` int(10) UNSIGNED NOT NULL,
  `nombre` varchar(50) COLLATE latin1_spanish_ci NOT NULL
) ENGINE=InnoDB DEFAULT CHARSET=latin1 COLLATE=latin1_spanish_ci;

--
-- Volcado de datos para la tabla `categorias`
--

INSERT INTO `categorias` (`id_categoria`, `id_evento`, `nombre`) VALUES
(1, 1, 'seccion a'),
(2, 1, 'seccion b'),
(3, 1, 'seccion c'),
(4, 1, 'seccion d'),
(5, 2, 'mejor proyecto multimedia'),
(6, 2, 'mejor stand multimedia'),
(7, 3, 'entrada'),
(8, 3, 'plato fuerte'),
(9, 3, 'bebida'),
(10, 3, 'postre'),
(11, 3, 'atencion al publico'),
(12, 3, 'stand'),
(13, 4, 'producto mas creativo'),
(14, 4, 'mejor estrategia de venta'),
(15, 4, 'mejor atencion al publico'),
(16, 4, 'mejor stand'),
(17, 5, 'Mejor Exposición'),
(19, 6, 'canto'),
(20, 6, 'grupos menores'),
(21, 6, 'grupos mayores');

-- --------------------------------------------------------

--
-- Estructura de tabla para la tabla `eventos`
--

CREATE TABLE `eventos` (
  `id_evento` int(10) UNSIGNED NOT NULL,
  `nombre` varchar(50) COLLATE latin1_spanish_ci NOT NULL,
  `fecha` date NOT NULL
) ENGINE=InnoDB DEFAULT CHARSET=latin1 COLLATE=latin1_spanish_ci;

--
-- Volcado de datos para la tabla `eventos`
--

INSERT INTO `eventos` (`id_evento`, `nombre`, `fecha`) VALUES
(1, 'Expo Emprendedor', '0000-00-00'),
(2, 'Expo Multimedia', '0000-00-00'),
(3, 'Muestra Gastronómica', '0000-00-00'),
(4, 'Createc', '0000-00-00'),
(5, 'Expo Arte', '0000-00-00'),
(6, 'Festival de talentos', '0000-00-00'),
(7, 'Concurso de dia de muertos', '0000-00-00');

-- --------------------------------------------------------

--
-- Estructura de tabla para la tabla `participantes`
--

CREATE TABLE `participantes` (
  `id_participante` int(10) UNSIGNED NOT NULL,
  `id_categoria` int(10) UNSIGNED NOT NULL,
  `nombre` varchar(50) COLLATE latin1_spanish_ci DEFAULT NULL
) ENGINE=InnoDB DEFAULT CHARSET=latin1 COLLATE=latin1_spanish_ci;

--
-- Volcado de datos para la tabla `participantes`
--

INSERT INTO `participantes` (`id_participante`, `id_categoria`, `nombre`) VALUES
(1, 19, '501-Camila Battistella'),
(2, 19, '302-Salvador Valenzuela'),
(3, 19, '502-Lucía Briseño'),
(4, 19, '501-Marcelino Sánchez'),
(5, 19, '301-Ana Victoria Bustamante Paz'),
(6, 19, '301-Carmen Picos'),
(7, 19, '501-Eduardo Becerril Alegre'),
(8, 20, '501-Friends on the rain'),
(9, 20, '302-Fight like a girl'),
(10, 20, '502-Boxeadores'),
(11, 20, '301-Geeks'),
(12, 20, '102-Princesas Leias'),
(13, 20, '101-Space Jam'),
(14, 20, '501-Unsteady'),
(15, 20, '301-La la land'),
(16, 20, '102-Chewbaccas'),
(17, 20, '101-Sailor moon'),
(18, 21, '501-Utopía'),
(19, 21, '302-Charlie y la fábrica de chocolate'),
(20, 21, '502-Turkana'),
(21, 21, '301-Baile cultural Brasil, Korea y África'),
(22, 21, '102-Star wars'),
(23, 21, '101-Musical'),
(24, 17, 'Vincent Van Gogh'),
(25, 17, 'Auguste Renoir'),
(26, 17, 'Paul Gauguin'),
(27, 17, 'Pablo Picasso'),
(28, 17, 'Frida Kahlo'),
(29, 17, 'Salvador Dalí'),
(30, 17, 'Remedios Varo'),
(31, 17, 'René Margritte '),
(32, 17, 'Giacomo Balla'),
(33, 17, 'Jasper Jones'),
(34, 17, 'Andy Warhol'),
(35, 17, 'Barbara Kruguer'),
(36, 17, 'Yayoi Kusama'),
(37, 17, 'Gabriel Orozco');

-- --------------------------------------------------------

--
-- Estructura de tabla para la tabla `usuarios`
--

CREATE TABLE `usuarios` (
  `id_usuario` int(10) UNSIGNED NOT NULL,
  `id_evento` int(10) UNSIGNED NOT NULL,
  `nombre` varchar(50) COLLATE latin1_spanish_ci NOT NULL,
  `tipo` varchar(50) COLLATE latin1_spanish_ci NOT NULL,
  `pass` varchar(50) COLLATE latin1_spanish_ci NOT NULL,
  `cierre_votos` int(5) UNSIGNED NOT NULL DEFAULT '0'
) ENGINE=InnoDB DEFAULT CHARSET=latin1 COLLATE=latin1_spanish_ci;

--
-- Volcado de datos para la tabla `usuarios`
--

INSERT INTO `usuarios` (`id_usuario`, `id_evento`, `nombre`, `tipo`, `pass`, `cierre_votos`) VALUES
(1, 1, 'administrador', 'administrador', 'admin123', 0),
(2, 6, 'delma', 'juez', 'delma_2017', 0),
(4, 6, 'isaac', 'juez', 'isaac_2017', 0),
(5, 6, 'itzel', 'juez', 'itzel_2017', 0),
(6, 6, 'jorge', 'juez', 'jorge_2017', 0),
(7, 5, 'Paola', 'juez', 'paola123', 0),
(8, 5, 'Mirza', 'juez', 'mirza123', 0),
(9, 5, 'Teresita', 'juez', 'teresita123', 0),
(10, 5, 'Alfredo', 'juez', 'alfredo123', 0);

--
-- Índices para tablas volcadas
--

--
-- Indices de la tabla `aspectos`
--
ALTER TABLE `aspectos`
  ADD PRIMARY KEY (`id_aspecto`),
  ADD KEY `categorias-aspectos` (`id_categoria`);

--
-- Indices de la tabla `calificaciones`
--
ALTER TABLE `calificaciones`
  ADD KEY `aspectos-calificaciones` (`id_aspecto`),
  ADD KEY `participantes-calificaciones` (`id_participante`),
  ADD KEY `usuarios-calificaciones` (`id_usuario`);

--
-- Indices de la tabla `categorias`
--
ALTER TABLE `categorias`
  ADD PRIMARY KEY (`id_categoria`),
  ADD KEY `eventos-categorias` (`id_evento`);

--
-- Indices de la tabla `eventos`
--
ALTER TABLE `eventos`
  ADD PRIMARY KEY (`id_evento`);

--
-- Indices de la tabla `participantes`
--
ALTER TABLE `participantes`
  ADD PRIMARY KEY (`id_participante`),
  ADD KEY `categorias-participantes` (`id_categoria`);

--
-- Indices de la tabla `usuarios`
--
ALTER TABLE `usuarios`
  ADD PRIMARY KEY (`id_usuario`),
  ADD KEY `eventos-usuarios` (`id_evento`);

--
-- AUTO_INCREMENT de las tablas volcadas
--

--
-- AUTO_INCREMENT de la tabla `aspectos`
--
ALTER TABLE `aspectos`
  MODIFY `id_aspecto` int(10) UNSIGNED NOT NULL AUTO_INCREMENT, AUTO_INCREMENT=111;
--
-- AUTO_INCREMENT de la tabla `categorias`
--
ALTER TABLE `categorias`
  MODIFY `id_categoria` int(10) UNSIGNED NOT NULL AUTO_INCREMENT, AUTO_INCREMENT=22;
--
-- AUTO_INCREMENT de la tabla `eventos`
--
ALTER TABLE `eventos`
  MODIFY `id_evento` int(10) UNSIGNED NOT NULL AUTO_INCREMENT, AUTO_INCREMENT=8;
--
-- AUTO_INCREMENT de la tabla `participantes`
--
ALTER TABLE `participantes`
  MODIFY `id_participante` int(10) UNSIGNED NOT NULL AUTO_INCREMENT, AUTO_INCREMENT=38;
--
-- AUTO_INCREMENT de la tabla `usuarios`
--
ALTER TABLE `usuarios`
  MODIFY `id_usuario` int(10) UNSIGNED NOT NULL AUTO_INCREMENT, AUTO_INCREMENT=11;
--
-- Restricciones para tablas volcadas
--

--
-- Filtros para la tabla `aspectos`
--
ALTER TABLE `aspectos`
  ADD CONSTRAINT `categorias-aspectos` FOREIGN KEY (`id_categoria`) REFERENCES `categorias` (`id_categoria`) ON DELETE NO ACTION ON UPDATE NO ACTION;

--
-- Filtros para la tabla `calificaciones`
--
ALTER TABLE `calificaciones`
  ADD CONSTRAINT `aspectos-calificaciones` FOREIGN KEY (`id_aspecto`) REFERENCES `aspectos` (`id_aspecto`) ON DELETE NO ACTION ON UPDATE NO ACTION,
  ADD CONSTRAINT `participantes-calificaciones` FOREIGN KEY (`id_participante`) REFERENCES `participantes` (`id_participante`) ON DELETE NO ACTION ON UPDATE NO ACTION,
  ADD CONSTRAINT `usuarios-calificaciones` FOREIGN KEY (`id_usuario`) REFERENCES `usuarios` (`id_usuario`) ON DELETE NO ACTION ON UPDATE NO ACTION;

--
-- Filtros para la tabla `categorias`
--
ALTER TABLE `categorias`
  ADD CONSTRAINT `eventos-categorias` FOREIGN KEY (`id_evento`) REFERENCES `eventos` (`id_evento`) ON DELETE NO ACTION ON UPDATE NO ACTION;

--
-- Filtros para la tabla `participantes`
--
ALTER TABLE `participantes`
  ADD CONSTRAINT `categorias-participantes` FOREIGN KEY (`id_categoria`) REFERENCES `categorias` (`id_categoria`) ON DELETE NO ACTION ON UPDATE NO ACTION;

--
-- Filtros para la tabla `usuarios`
--
ALTER TABLE `usuarios`
  ADD CONSTRAINT `eventos-usuarios` FOREIGN KEY (`id_evento`) REFERENCES `eventos` (`id_evento`) ON DELETE NO ACTION ON UPDATE NO ACTION;
COMMIT;

/*!40101 SET CHARACTER_SET_CLIENT=@OLD_CHARACTER_SET_CLIENT */;
/*!40101 SET CHARACTER_SET_RESULTS=@OLD_CHARACTER_SET_RESULTS */;
/*!40101 SET COLLATION_CONNECTION=@OLD_COLLATION_CONNECTION */;
